time_s,data,pn,carrier,spread,tx,recovered
0.0,0.0,0.0,0.0,0.0,0.0,0.0
6.25e-08,0.0,0.0,0.0,0.0,0.0,0.0
1.25e-07,0.0,0.0,0.0,0.0,0.0,0.0
1.875e-07,0.0,0.0,0.0,0.0,0.0,0.0
2.5e-07,0.0,0.0,1.0,0.0,1.0,0.0
3.125e-07,0.0,0.0,1.0,0.0,1.0,0.0
3.75e-07,0.0,0.0,1.0,0.0,1.0,0.0
4.375e-07,0.0,0.0,1.0,0.0,1.0,0.0
5e-07,0.0,1.0,0.0,1.0,1.0,0.0
5.625e-07,0.0,1.0,0.0,1.0,1.0,0.0
6.25e-07,0.0,1.0,0.0,1.0,1.0,0.0
6.875e-07,0.0,1.0,0.0,1.0,1.0,0.0
7.5e-07,0.0,1.0,1.0,1.0,0.0,0.0
8.125e-07,0.0,1.0,1.0,1.0,0.0,0.0
8.75e-07,0.0,1.0,1.0,1.0,0.0,0.0
9.375e-07,0.0,1.0,1.0,1.0,0.0,0.0
1e-06,0.0,0.0,0.0,0.0,0.0,0.0
1.0625e-06,0.0,0.0,0.0,0.0,0.0,0.0
1.125e-06,0.0,0.0,0.0,0.0,0.0,0.0
1.1875e-06,0.0,0.0,0.0,0.0,0.0,0.0
1.25e-06,0.0,0.0,1.0,0.0,1.0,0.0
1.3125e-06,0.0,0.0,1.0,0.0,1.0,0.0
1.375e-06,0.0,0.0,1.0,0.0,1.0,0.0
1.4375e-06,0.0,0.0,1.0,0.0,1.0,0.0
1.5e-06,0.0,1.0,0.0,1.0,1.0,0.0
1.5625e-06,0.0,1.0,0.0,1.0,1.0,0.0
1.625e-06,0.0,1.0,0.0,1.0,1.0,0.0
1.6875e-06,0.0,1.0,0.0,1.0,1.0,0.0
1.75e-06,0.0,1.0,1.0,1.0,0.0,0.0
1.8125e-06,0.0,1.0,1.0,1.0,0.0,0.0
1.875e-06,0.0,1.0,1.0,1.0,0.0,0.0
1.9375e-06,0.0,1.0,1.0,1.0,0.0,0.0
2e-06,0.0,0.0,0.0,0.0,0.0,0.0
2.0625e-06,0.0,0.0,0.0,0.0,0.0,0.0
2.125e-06,0.0,0.0,0.0,0.0,0.0,0.0
2.1875e-06,0.0,0.0,0.0,0.0,0.0,0.0
2.25e-06,0.0,0.0,1.0,0.0,1.0,0.0
2.3125e-06,0.0,0.0,1.0,0.0,1.0,0.0
2.375e-06,0.0,0.0,1.0,0.0,1.0,0.0
2.4375e-06,0.0,0.0,1.0,0.0,1.0,0.0
2.5e-06,0.0,1.0,0.0,1.0,1.0,0.0
2.5625e-06,0.0,1.0,0.0,1.0,1.0,0.0
2.625e-06,0.0,1.0,0.0,1.0,1.0,0.0
2.6875e-06,0.0,1.0,0.0,1.0,1.0,0.0
2.75e-06,0.0,1.0,1.0,1.0,0.0,0.0
2.8125e-06,0.0,1.0,1.0,1.0,0.0,0.0
2.875e-06,0.0,1.0,1.0,1.0,0.0,0.0
2.9375e-06,0.0,1.0,1.0,1.0,0.0,0.0
3e-06,0.0,0.0,0.0,0.0,0.0,0.0
3.0625e-06,0.0,0.0,0.0,0.0,0.0,0.0
3.125e-06,0.0,0.0,0.0,0.0,0.0,0.0
3.1875e-06,0.0,0.0,0.0,0.0,0.0,0.0
3.25e-06,0.0,0.0,1.0,0.0,1.0,0.0
3.3125e-06,0.0,0.0,1.0,0.0,1.0,0.0
3.375e-06,0.0,0.0,1.0,0.0,1.0,0.0
3.4375e-06,0.0,0.0,1.0,0.0,1.0,0.0
3.5e-06,0.0,1.0,0.0,1.0,1.0,0.0
3.5625e-06,0.0,1.0,0.0,1.0,1.0,0.0
3.625e-06,0.0,1.0,0.0,1.0,1.0,0.0
3.6875e-06,0.0,1.0,0.0,1.0,1.0,0.0
3.75e-06,0.0,1.0,1.0,1.0,0.0,0.0
3.8125e-06,0.0,1.0,1.0,1.0,0.0,0.0
3.875e-06,0.0,1.0,1.0,1.0,0.0,0.0
3.9375e-06,0.0,1.0,1.0,1.0,0.0,0.0
4e-06,0.0,1.0,0.0,1.0,1.0,0.0
4.0625e-06,0.0,1.0,0.0,1.0,1.0,0.0
4.125e-06,0.0,1.0,0.0,1.0,1.0,0.0
4.1875e-06,0.0,1.0,0.0,1.0,1.0,0.0
4.25e-06,0.0,1.0,1.0,1.0,0.0,0.0
4.3125e-06,0.0,1.0,1.0,1.0,0.0,0.0
4.375e-06,0.0,1.0,1.0,1.0,0.0,0.0
4.4375e-06,0.0,1.0,1.0,1.0,0.0,0.0
4.5e-06,0.0,0.0,0.0,0.0,0.0,0.0
4.5625e-06,0.0,0.0,0.0,0.0,0.0,0.0
4.625e-06,0.0,0.0,0.0,0.0,0.0,0.0
4.6875e-06,0.0,0.0,0.0,0.0,0.0,0.0
4.75e-06,0.0,0.0,1.0,0.0,1.0,0.0
4.8125e-06,0.0,0.0,1.0,0.0,1.0,0.0
4.875e-06,0.0,0.0,1.0,0.0,1.0,0.0
4.9375e-06,0.0,0.0,1.0,0.0,1.0,0.0
5e-06,0.0,0.0,0.0,0.0,0.0,0.0
5.0625e-06,0.0,0.0,0.0,0.0,0.0,0.0
5.125e-06,0.0,0.0,0.0,0.0,0.0,0.0
5.1875e-06,0.0,0.0,0.0,0.0,0.0,0.0
5.25e-06,0.0,0.0,1.0,0.0,1.0,0.0
5.3125e-06,0.0,0.0,1.0,0.0,1.0,0.0
5.375e-06,0.0,0.0,1.0,0.0,1.0,0.0
5.4375e-06,0.0,0.0,1.0,0.0,1.0,0.0
5.5e-06,0.0,1.0,0.0,1.0,1.0,0.0
5.5625e-06,0.0,1.0,0.0,1.0,1.0,0.0
5.625e-06,0.0,1.0,0.0,1.0,1.0,0.0
5.6875e-06,0.0,1.0,0.0,1.0,1.0,0.0
5.75e-06,0.0,1.0,1.0,1.0,0.0,0.0
5.8125e-06,0.0,1.0,1.0,1.0,0.0,0.0
5.875e-06,0.0,1.0,1.0,1.0,0.0,0.0
5.9375e-06,0.0,1.0,1.0,1.0,0.0,0.0
6e-06,0.0,1.0,0.0,1.0,1.0,0.0
6.0625e-06,0.0,1.0,0.0,1.0,1.0,0.0
6.125e-06,0.0,1.0,0.0,1.0,1.0,0.0
6.1875e-06,0.0,1.0,0.0,1.0,1.0,0.0
6.25e-06,0.0,1.0,1.0,1.0,0.0,0.0
6.3125e-06,0.0,1.0,1.0,1.0,0.0,0.0
6.375e-06,0.0,1.0,1.0,1.0,0.0,0.0
6.4375e-06,0.0,1.0,1.0,1.0,0.0,0.0
6.5e-06,0.0,0.0,0.0,0.0,0.0,0.0
6.5625e-06,0.0,0.0,0.0,0.0,0.0,0.0
6.625e-06,0.0,0.0,0.0,0.0,0.0,0.0
6.6875e-06,0.0,0.0,0.0,0.0,0.0,0.0
6.75e-06,0.0,0.0,1.0,0.0,1.0,0.0
6.8125e-06,0.0,0.0,1.0,0.0,1.0,0.0
6.875e-06,0.0,0.0,1.0,0.0,1.0,0.0
6.9375e-06,0.0,0.0,1.0,0.0,1.0,0.0
7e-06,0.0,0.0,0.0,0.0,0.0,0.0
7.0625e-06,0.0,0.0,0.0,0.0,0.0,0.0
7.125e-06,0.0,0.0,0.0,0.0,0.0,0.0
7.1875e-06,0.0,0.0,0.0,0.0,0.0,0.0
7.25e-06,0.0,0.0,1.0,0.0,1.0,0.0
7.3125e-06,0.0,0.0,1.0,0.0,1.0,0.0
7.375e-06,0.0,0.0,1.0,0.0,1.0,0.0
7.4375e-06,0.0,0.0,1.0,0.0,1.0,0.0
7.5e-06,0.0,0.0,0.0,0.0,0.0,0.0
7.5625e-06,0.0,0.0,0.0,0.0,0.0,0.0
7.625e-06,0.0,0.0,0.0,0.0,0.0,0.0
7.6875e-06,0.0,0.0,0.0,0.0,0.0,0.0
7.75e-06,0.0,0.0,1.0,0.0,1.0,0.0
7.8125e-06,0.0,0.0,1.0,0.0,1.0,0.0
7.875e-06,0.0,0.0,1.0,0.0,1.0,0.0
7.9375e-06,0.0,0.0,1.0,0.0,1.0,0.0
8e-06,0.0,1.0,0.0,1.0,1.0,0.0
8.0625e-06,0.0,1.0,0.0,1.0,1.0,0.0
8.125e-06,0.0,1.0,0.0,1.0,1.0,0.0
8.1875e-06,0.0,1.0,0.0,1.0,1.0,0.0
8.25e-06,0.0,1.0,1.0,1.0,0.0,0.0
8.3125e-06,0.0,1.0,1.0,1.0,0.0,0.0
8.375e-06,0.0,1.0,1.0,1.0,0.0,0.0
8.4375e-06,0.0,1.0,1.0,1.0,0.0,0.0
8.5e-06,0.0,0.0,0.0,0.0,0.0,0.0
8.5625e-06,0.0,0.0,0.0,0.0,0.0,0.0
8.625e-06,0.0,0.0,0.0,0.0,0.0,0.0
8.6875e-06,0.0,0.0,0.0,0.0,0.0,0.0
8.75e-06,0.0,0.0,1.0,0.0,1.0,0.0
8.8125e-06,0.0,0.0,1.0,0.0,1.0,0.0
8.875e-06,0.0,0.0,1.0,0.0,1.0,0.0
8.9375e-06,0.0,0.0,1.0,0.0,1.0,0.0
9e-06,0.0,0.0,0.0,0.0,0.0,0.0
9.0625e-06,0.0,0.0,0.0,0.0,0.0,0.0
9.125e-06,0.0,0.0,0.0,0.0,0.0,0.0
9.1875e-06,0.0,0.0,0.0,0.0,0.0,0.0
9.25e-06,0.0,0.0,1.0,0.0,1.0,0.0
9.3125e-06,0.0,0.0,1.0,0.0,1.0,0.0
9.375e-06,0.0,0.0,1.0,0.0,1.0,0.0
9.4375e-06,0.0,0.0,1.0,0.0,1.0,0.0
9.5e-06,0.0,0.0,0.0,0.0,0.0,0.0
9.5625e-06,0.0,0.0,0.0,0.0,0.0,0.0
9.625e-06,0.0,0.0,0.0,0.0,0.0,0.0
9.6875e-06,0.0,0.0,0.0,0.0,0.0,0.0
9.75e-06,0.0,0.0,1.0,0.0,1.0,0.0
9.8125e-06,0.0,0.0,1.0,0.0,1.0,0.0
9.875e-06,0.0,0.0,1.0,0.0,1.0,0.0
9.9375e-06,0.0,0.0,1.0,0.0,1.0,0.0
1e-05,0.0,1.0,0.0,1.0,1.0,0.0
1.00625e-05,0.0,1.0,0.0,1.0,1.0,0.0
1.0125e-05,0.0,1.0,0.0,1.0,1.0,0.0
1.01875e-05,0.0,1.0,0.0,1.0,1.0,0.0
1.025e-05,0.0,1.0,1.0,1.0,0.0,0.0
1.03125e-05,0.0,1.0,1.0,1.0,0.0,0.0
1.0375e-05,0.0,1.0,1.0,1.0,0.0,0.0
1.04375e-05,0.0,1.0,1.0,1.0,0.0,0.0
1.05e-05,0.0,0.0,0.0,0.0,0.0,0.0
1.05625e-05,0.0,0.0,0.0,0.0,0.0,0.0
1.0625e-05,0.0,0.0,0.0,0.0,0.0,0.0
1.06875e-05,0.0,0.0,0.0,0.0,0.0,0.0
1.075e-05,0.0,0.0,1.0,0.0,1.0,0.0
1.08125e-05,0.0,0.0,1.0,0.0,1.0,0.0
1.0875e-05,0.0,0.0,1.0,0.0,1.0,0.0
1.09375e-05,0.0,0.0,1.0,0.0,1.0,0.0
1.1e-05,0.0,1.0,0.0,1.0,1.0,0.0
1.10625e-05,0.0,1.0,0.0,1.0,1.0,0.0
1.1125e-05,0.0,1.0,0.0,1.0,1.0,0.0
1.11875e-05,0.0,1.0,0.0,1.0,1.0,0.0
1.125e-05,0.0,1.0,1.0,1.0,0.0,0.0
1.13125e-05,0.0,1.0,1.0,1.0,0.0,0.0
1.1375e-05,0.0,1.0,1.0,1.0,0.0,0.0
1.14375e-05,0.0,1.0,1.0,1.0,0.0,0.0
1.15e-05,0.0,1.0,0.0,1.0,1.0,0.0
1.15625e-05,0.0,1.0,0.0,1.0,1.0,0.0
1.1625e-05,0.0,1.0,0.0,1.0,1.0,0.0
1.16875e-05,0.0,1.0,0.0,1.0,1.0,0.0
1.175e-05,0.0,1.0,1.0,1.0,0.0,0.0
1.18125e-05,0.0,1.0,1.0,1.0,0.0,0.0
1.1875e-05,0.0,1.0,1.0,1.0,0.0,0.0
1.19375e-05,0.0,1.0,1.0,1.0,0.0,0.0
1.2e-05,0.0,0.0,0.0,0.0,0.0,0.0
1.20625e-05,0.0,0.0,0.0,0.0,0.0,0.0
1.2125e-05,0.0,0.0,0.0,0.0,0.0,0.0
1.21875e-05,0.0,0.0,0.0,0.0,0.0,0.0
1.225e-05,0.0,0.0,1.0,0.0,1.0,0.0
1.23125e-05,0.0,0.0,1.0,0.0,1.0,0.0
1.2375e-05,0.0,0.0,1.0,0.0,1.0,0.0
1.24375e-05,0.0,0.0,1.0,0.0,1.0,0.0
1.25e-05,0.0,1.0,0.0,1.0,1.0,0.0
1.25625e-05,0.0,1.0,0.0,1.0,1.0,0.0
1.2625e-05,0.0,1.0,0.0,1.0,1.0,0.0
1.26875e-05,0.0,1.0,0.0,1.0,1.0,0.0
1.275e-05,0.0,1.0,1.0,1.0,0.0,0.0
1.28125e-05,0.0,1.0,1.0,1.0,0.0,0.0
1.2875e-05,0.0,1.0,1.0,1.0,0.0,0.0
1.29375e-05,0.0,1.0,1.0,1.0,0.0,0.0
1.3e-05,0.0,0.0,0.0,0.0,0.0,0.0
1.30625e-05,0.0,0.0,0.0,0.0,0.0,0.0
1.3125e-05,0.0,0.0,0.0,0.0,0.0,0.0
1.31875e-05,0.0,0.0,0.0,0.0,0.0,0.0
1.325e-05,0.0,0.0,1.0,0.0,1.0,0.0
1.33125e-05,0.0,0.0,1.0,0.0,1.0,0.0
1.3375e-05,0.0,0.0,1.0,0.0,1.0,0.0
1.34375e-05,0.0,0.0,1.0,0.0,1.0,0.0
1.35e-05,0.0,0.0,0.0,0.0,0.0,0.0
1.35625e-05,0.0,0.0,0.0,0.0,0.0,0.0
1.3625e-05,0.0,0.0,0.0,0.0,0.0,0.0
1.36875e-05,0.0,0.0,0.0,0.0,0.0,0.0
1.375e-05,0.0,0.0,1.0,0.0,1.0,0.0
1.38125e-05,0.0,0.0,1.0,0.0,1.0,0.0
1.3875e-05,0.0,0.0,1.0,0.0,1.0,0.0
1.39375e-05,0.0,0.0,1.0,0.0,1.0,0.0
1.4e-05,0.0,1.0,0.0,1.0,1.0,0.0
1.40625e-05,0.0,1.0,0.0,1.0,1.0,0.0
1.4125e-05,0.0,1.0,0.0,1.0,1.0,0.0
1.41875e-05,0.0,1.0,0.0,1.0,1.0,0.0
1.425e-05,0.0,1.0,1.0,1.0,0.0,0.0
1.43125e-05,0.0,1.0,1.0,1.0,0.0,0.0
1.4375e-05,0.0,1.0,1.0,1.0,0.0,0.0
1.44375e-05,0.0,1.0,1.0,1.0,0.0,0.0
1.45e-05,0.0,1.0,0.0,1.0,1.0,0.0
1.45625e-05,0.0,1.0,0.0,1.0,1.0,0.0
1.4625e-05,0.0,1.0,0.0,1.0,1.0,0.0
1.46875e-05,0.0,1.0,0.0,1.0,1.0,0.0
1.475e-05,0.0,1.0,1.0,1.0,0.0,0.0
1.48125e-05,0.0,1.0,1.0,1.0,0.0,0.0
1.4875e-05,0.0,1.0,1.0,1.0,0.0,0.0
1.49375e-05,0.0,1.0,1.0,1.0,0.0,0.0
